timestamp,num,B3 - Colorado Rockies,B3 - Oakland Athletics,SK - Colorado Rockies,SK - Oakland Athletics,PP - Colorado Rockies,PP - Oakland Athletics,WH - Colorado Rockies,WH - Oakland Athletics,EE - Colorado Rockies,EE - Oakland Athletics,FB - Colorado Rockies,FB - Oakland Athletics,VC - Colorado Rockies,VC - Oakland Athletics,LD - Colorado Rockies,LD - Oakland Athletics,UN - Colorado Rockies,UN - Oakland Athletics,SX - Colorado Rockies,SX - Oakland Athletics,FR - Colorado Rockies,FR - Oakland Athletics,KN - Colorado Rockies,KN - Oakland Athletics,BY - Colorado Rockies,BY - Oakland Athletics,OE - Colorado Rockies,OE - Oakland Athletics,S6 - Colorado Rockies,S6 - Oakland Athletics,PUP - Colorado Rockies,PUP - Oakland Athletics,SI - Colorado Rockies,SI - Oakland Athletics,LS - Colorado Rockies,LS - Oakland Athletics,QN - Colorado Rockies,QN - Oakland Athletics,WA - Colorado Rockies,WA - Oakland Athletics,CE - Colorado Rockies,CE - Oakland Athletics,N4 - Colorado Rockies,N4 - Oakland Athletics,G5 - Colorado Rockies,G5 - Oakland Athletics,VT - Colorado Rockies,VT - Oakland Athletics,AKB - Colorado Rockies,AKB - Oakland Athletics,BF - Colorado Rockies,BF - Oakland Athletics,MA - Colorado Rockies,MA - Oakland Athletics
1743902514.4239259,0,2/9,16/5,,,1/4,27/10,2/7,5/2,1/4,5/2,2/7,5/2,,,2/7,5/2,2/9,3,1/4,11/4,2/7,14/5,2/9,14/5,1/5,10/3,2/9,14/5,3/10,5/2,2/9,3,1/4,11/4,27/100,5/2,4/15,5/2,1/4,11/4,2/9,3,1/4,13/5,,,,,3/10,5/2,1/5,14/5,1/6,14/5
1743902548.6307123,1,2/9,16/5,,,3/10,23/10,2/7,5/2,2/7,9/4,1/3,9/4,,,1/3,11/5,3/10,5/2,1/3,11/5,1/3,12/5,2/9,14/5,1/4,11/4,2/9,14/5,3/10,5/2,1/4,11/4,1/3,11/5,33/100,11/5,3/10,9/4,10/33,12/5,1/3,11/5,3/10,9/4,,,,,3/10,5/2,1/5,14/5,1/6,9/4
1743902579.801107,2,5/16,47/20,,,2/11,7/2,2/7,5/2,1/3,2,1/5,10/3,,,1/3,11/5,3/10,5/2,4/11,2,4/11,11/5,2/9,14/5,2/7,5/2,2/9,14/5,3/10,5/2,2/11,7/2,1/3,11/5,1/6,18/5,2/13,18/5,10/33,12/5,3/10,12/5,1/3,21/10,,,,,3/10,5/2,1/5,14/5,1/6,19/10
1743902608.8505526,3,5/16,47/20,,,2/11,7/2,2/7,5/2,1/3,2,1/5,10/3,,,3/10,12/5,3/10,5/2,4/11,2,4/11,11/5,2/9,14/5,1/6,4,2/9,14/5,3/10,5/2,2/11,7/2,1/3,11/5,1/6,18/5,2/13,18/5,10/33,12/5,2/11,18/5,1/3,21/10,,,,,3/10,5/2,1/5,14/5,1/6,3
1743902638.01538,4,5/16,47/20,,,2/11,7/2,2/7,5/2,1/3,2,1/5,10/3,,,3/10,12/5,3/10,5/2,4/11,2,4/11,11/5,2/9,14/5,1/6,4,2/9,14/5,3/10,5/2,2/11,7/2,1/3,11/5,1/6,18/5,2/13,18/5,10/33,12/5,2/11,18/5,1/3,21/10,,,,,3/10,5/2,1/5,14/5,1/6,3
1743902667.1197982,5,5/16,47/20,,,2/11,7/2,1/5,10/3,2/13,7/2,1/5,10/3,,,2/11,18/5,1/6,19/5,1/6,7/2,2/13,4,2/9,14/5,1/6,4,1/6,7/2,2/11,7/2,2/11,7/2,1/6,4,1/6,18/5,2/11,7/2,2/11,15/4,2/11,18/5,1/6,15/4,,,,,2/11,7/2,2/11,3,1/6,3
1743902695.7010536,6,5/16,47/20,,,2/11,7/2,1/5,10/3,2/13,7/2,1/5,10/3,,,2/11,18/5,1/6,19/5,1/6,7/2,2/13,4,2/9,14/5,1/6,4,1/6,7/2,2/11,7/2,2/11,7/2,1/6,4,1/6,18/5,2/11,7/2,2/11,15/4,2/11,18/5,1/6,15/4,,,,,2/11,7/2,2/11,3,1/6,3
1743902724.3567858,7,1/5,7/2,,,1/5,16/5,2/9,10/3,2/13,7/2,1/5,10/3,,,2/11,18/5,1/6,19/5,1/6,7/2,2/13,4,1/6,18/5,1/6,4,1/6,7/2,2/11,7/2,2/11,7/2,1/6,4,1/6,18/5,2/13,15/4,2/11,15/4,2/11,18/5,1/6,15/4,,,,,2/11,7/2,2/11,2,1/6,10/3
1743902754.1124108,8,1/5,7/2,,,1/5,16/5,2/9,10/3,2/13,7/2,1/5,10/3,,,2/11,18/5,1/6,19/5,1/6,7/2,2/13,4,1/6,18/5,1/6,4,1/6,7/2,2/11,7/2,2/11,7/2,1/6,4,1/6,18/5,2/13,15/4,2/11,15/4,2/11,18/5,1/6,15/4,,,,,2/11,7/2,2/11,2,1/6,10/3
1743902783.4685082,9,1/5,7/2,,,2/9,3,1/4,3,2/13,7/2,2/9,31/10,,,2/9,16/5,1/6,19/5,1/6,7/2,2/13,4,1/6,18/5,1/6,4,1/6,7/2,1/5,10/3,2/11,7/2,1/6,4,11/50,16/5,1/5,10/3,1/5,7/2,2/9,18/5,2/11,7/2,,,,,1/5,10/3,2/11,14/5,1/6,11/4
1743902813.9667907,10,1/5,7/2,,,2/9,3,1/4,11/4,1/5,3,2/9,31/10,,,1/4,29/10,1/6,19/5,1/5,10/3,4/17,16/5,1/6,18/5,1/5,7/2,1/5,3,1/5,10/3,2/11,7/2,1/5,10/3,1/5,16/5,2/9,10/3,1/5,7/2,2/9,16/5,2/11,31/10,,,,,1/5,10/3,1/5,11/4,1/6,11/4
1743902845.4281569,11,1/4,3,,,1/5,16/5,1/4,11/4,1/5,3,1/5,31/10,,,1/4,29/10,1/5,17/5,1/5,10/3,4/17,16/5,1/6,18/5,1/5,10/3,1/5,3,2/9,3,2/11,7/2,1/5,10/3,11/50,3,2/9,29/10,2/9,3,1/4,29/10,1/5,31/10,,,,,2/9,3,1/5,11/4,1/6,11/4
1743902875.4021387,12,1/4,3,,,2/9,3,1/4,11/4,1/5,3,2/9,31/10,,,1/4,29/10,1/5,17/5,2/9,3,4/17,16/5,1/6,18/5,1/5,3,1/5,3,2/9,3,2/11,7/2,2/9,3,2/9,3,1/4,27/10,2/9,3,1/4,29/10,1/5,31/10,,,,,2/9,3,1/5,11/4,1/6,13/5
1743902908.9643614,13,1/4,3,,,2/9,3,1/4,11/4,1/5,3,2/9,31/10,,,1/4,29/10,1/5,17/5,2/9,3,4/17,16/5,1/6,18/5,1/5,3,1/5,3,2/9,3,2/11,7/2,2/9,3,2/9,3,1/4,27/10,2/9,3,1/4,29/10,1/5,31/10,,,,,2/9,3,1/5,11/4,1/6,13/5
1743902941.8545647,14,10/39,29/10,,,2/9,3,1/4,11/4,2/9,11/4,2/9,10/3,,,1/4,11/4,2/9,16/5,1/4,11/4,1/4,3,1/6,18/5,1/5,3,2/9,27/10,1/4,11/4,1/4,11/4,1/4,11/4,2/9,3,1/4,27/10,1/4,11/4,1/4,11/4,2/9,3,,,,,1/4,11/4,1/5,11/4,1/6,13/5
1743903024.6701481,15,10/39,29/10,,,2/9,3,1/4,11/4,1/4,5/2,2/9,31/10,,,1/4,11/4,2/9,16/5,2/7,5/2,2/7,13/5,11/50,29/10,1/4,11/4,2/9,27/10,2/7,5/2,2/7,5/2,2/7,5/2,1/4,14/5,4/15,13/5,1/4,11/4,2/7,13/5,1/4,13/5,,,,,2/7,5/2,1/4,11/4,1/6,13/5
1743903054.486656,16,10/39,29/10,,,2/9,3,1/4,11/4,1/4,5/2,2/9,31/10,,,1/4,11/4,2/9,16/5,2/7,5/2,2/7,13/5,11/50,29/10,1/4,11/4,2/9,27/10,2/7,5/2,2/7,5/2,2/7,5/2,1/4,14/5,4/15,13/5,1/4,11/4,2/7,13/5,1/4,13/5,,,,,2/7,5/2,1/4,11/4,1/6,13/5
1743903085.5612211,17,2/7,13/5,,,2/9,3,2/7,5/2,1/4,5/2,2/9,31/10,,,2/7,13/5,1/4,29/10,1/4,11/4,2/7,14/5,6/25,11/4,1/4,11/4,2/9,27/10,1/4,11/4,1/4,11/4,1/4,11/4,3/10,47/20,3/10,23/10,2/7,5/2,2/7,5/2,1/4,13/5,,,,,1/4,11/4,1/4,23/10,1/6,5/2
1743903118.755747,18,2/7,13/5,,,1/3,21/10,4/11,2,1/4,5/2,4/11,21/10,,,4/11,2,1/4,29/10,1/4,11/4,4/11,21/10,6/25,11/4,4/11,2,2/9,27/10,1/4,11/4,1/4,11/4,1/4,11/4,3/10,47/20,4/15,5/2,1/4,11/4,4/11,2,1/4,13/5,,,,,1/4,11/4,1/4,11/4,1/6,5/2
1743903152.1236994,19,2/7,13/5,,,1/3,21/10,4/11,2,2/7,9/4,4/11,21/10,,,4/11,2,1/4,29/10,1/3,11/5,1/3,23/10,11/50,29/10,3/10,5/2,2/9,27/10,4/11,2,1/4,11/4,1/3,11/5,7/20,21/10,4/11,2,1/4,11/4,2/5,15/8,3/10,9/4,,,,,4/11,2,1/5,11/4,1/6,21/10
1743903186.4484036,20,10/29,11/5,,,1/3,21/10,4/11,2,2/5,17/10,4/11,21/10,,,2/5,15/8,7/20,11/5,4/9,13/8,4/9,9/5,11/50,29/10,3/10,9/4,2/9,27/10,4/11,2,1/4,11/4,4/9,13/8,8/25,23/10,1/3,11/5,1/4,11/4,4/11,2,4/9,13/8,,,,,4/11,2,1/100,23/10,1/6,21/10
1743903217.3405416,21,10/29,11/5,,,4/11,2,4/11,2,2/5,17/10,2/5,15/8,,,2/5,15/8,7/20,11/5,2/5,7/4,4/9,15/8,6/25,11/4,3/10,9/4,2/9,27/10,4/11,2,4/11,2,2/5,7/4,33/100,11/5,1/3,21/10,1/4,11/4,7/20,21/10,2/5,7/4,,,,,4/11,2,2/9,19/10,1/6,7/4
1743903275.0169332,22,10/29,11/5,,,2/5,9/5,2/5,7/4,1/2,7/5,2/5,15/8,,,4/9,17/10,4/11,41/20,1/2,6/4,8/15,31/20,11/50,29/10,4/11,2,7/20,39/20,4/11,2,4/11,2,1/2,6/4,4/11,39/20,4/11,2,4/11,2,4/9,17/10,1/2,6/4,,,,,4/11,2,1/3,21/10,1/6,7/4
1743903327.662036,23,10/23,9/5,,,8/15,11/8,1/2,6/4,8/15,13/10,8/15,29/20,,,4/9,17/10,4/11,41/20,4/7,5/4,8/13,27/20,6/25,11/4,4/11,2,7/20,39/20,1/2,6/4,4/11,2,4/9,13/8,4/9,13/8,1/2,6/4,1/2,31/20,4/7,11/8,4/7,13/10,,,,,4/11,2,8/15,7/5,1/6,7/4
1743903390.6474197,24,10/23,9/5,,,8/15,11/8,1/2,6/4,1/2,7/5,8/15,29/20,,,4/7,11/8,4/9,17/10,1/2,6/4,8/15,6/4,6/25,11/4,2/5,7/4,7/20,39/20,1/2,13/8,1/2,13/8,1/2,6/4,4/9,13/8,1/2,6/4,1/2,31/20,4/7,11/8,8/15,7/5,,,,,1/2,13/8,2/5,9/5,1/6,11/8
1743903468.1904726,25,1/2,8/5,,,4/9,13/8,1/2,6/4,4/9,6/4,40/85,13/8,,,4/7,11/8,4/9,17/10,1/2,6/4,10/21,17/10,21/50,17/10,2/5,7/4,12/25,6/4,2/5,15/8,4/9,7/4,1/2,6/4,4/9,17/10,4/9,8/5,10/21,33/20,1/2,6/4,1/2,6/4,,,,,2/5,47/25,2/5,7/5,1/6,7/5
1743903534.3052666,26,1/2,8/5,,,6/5,8/13,4/9,13/8,4/7,5/4,6/5,13/20,,,4/7,11/8,13/25,31/20,4/7,5/4,20/29,6/5,21/50,17/10,10/11,4/5,12/25,6/4,10/11,17/20,1/2,13/8,4/6,11/10,13/25,6/4,6/5,8/13,10/21,33/20,13/20,6/5,4/7,13/10,,,,,10/11,17/20,1/100,1/100,1/6,7/5
1743903573.2387094,27,7/5,10/17,,,6/5,8/13,1,8/11,21/20,4/6,6/5,13/20,,,4/7,11/8,13/25,31/20,11/10,5/4,20/29,6/5,21/50,17/10,10/11,4/5,12/25,6/4,10/11,17/20,1/2,13/8,4/6,11/10,23/20,13/20,6/5,8/13,5/4,5/8,13/20,6/5,11/10,4/6,,,,,10/11,17/20,4/9,4/7,1/6,7/5
1743903602.9553723,28,7/5,10/17,,,6/5,8/13,1,8/11,21/20,4/6,6/5,13/20,,,4/7,8/15,6/5,4/6,11/10,4/6,23/20,7/10,11/25,17/10,10/11,4/5,23/20,6/4,10/11,17/20,1/2,13/8,11/10,4/6,11/10,4/6,6/5,8/13,5/4,5/8,7/5,11/20,11/10,4/6,,,,,10/11,17/20,8/15,7/5,1/6,4/7
1743903634.0132294,29,7/5,10/17,,,6/5,8/13,1,8/11,21/20,4/6,6/5,13/20,,,4/7,8/15,6/5,4/6,11/10,4/6,23/20,7/10,11/25,17/10,10/11,4/5,23/20,6/4,10/11,17/20,1/2,13/8,11/10,4/6,11/10,4/6,6/5,8/13,5/4,5/8,7/5,11/20,11/10,4/6,,,,,10/11,17/20,8/15,7/5,1/6,4/7
1743903663.3576164,30,4/6,6/5,,,8/13,6/5,8/11,1,4/6,21/20,13/20,6/5,,,11/20,7/5,4/6,6/5,4/6,11/10,7/10,23/20,16/25,21/50,4/5,10/11,8/13,23/20,17/20,10/11,13/8,1/2,4/6,11/10,4/6,11/10,8/13,6/5,5/8,5/4,11/20,7/5,4/6,11/10,,,,,17/20,10/11,7/5,13/10,4/7,1/6
1743903693.7060823,31,4/6,6/5,,,8/13,6/5,8/11,1,4/6,21/20,13/20,6/5,,,11/20,7/5,4/6,6/5,4/6,11/10,7/10,23/20,16/25,21/50,4/5,10/11,8/13,23/20,17/20,10/11,13/8,1/2,4/6,11/10,4/6,11/10,8/13,6/5,5/8,5/4,11/20,7/5,4/6,11/10,,,,,17/20,10/11,7/5,13/10,4/7,1/6
1743903788.7679484,32,4/6,6/5,,,3/10,23/10,4/11,2,7/10,1,1/3,9/4,,,8/15,29/20,4/6,59/50,8/11,1,10/13,21/20,16/25,57/50,10/11,11/8,8/13,23/20,17/20,10/11,13/8,1/2,4/6,11/10,13/20,6/5,4/15,13/5,5/8,6/5,11/20,7/5,1/5,21/20,,,,,17/20,10/11,4/7,10/9,4/7,1/6
1743903818.4467506,33,4/6,6/5,,,3/10,23/10,4/11,2,7/10,1,1/3,9/4,,,8/15,29/20,4/6,59/50,8/11,1,10/13,21/20,16/25,57/50,10/11,11/8,8/13,23/20,17/20,10/11,13/8,1/2,4/6,11/10,13/20,6/5,4/15,13/5,5/8,6/5,11/20,7/5,1/5,21/20,,,,,17/20,10/11,4/7,10/9,4/7,1/6
1743903849.4686503,34,4/6,6/5,,,2/7,12/5,4/11,2,7/10,1,3/10,12/5,,,8/15,29/20,4/6,59/50,8/11,1,10/13,21/20,16/25,57/50,2/5,7/4,8/13,23/20,2/5,10/11,13/8,1/2,4/6,11/10,8/25,23/10,1/4,27/10,4/6,6/5,11/20,7/5,1/3,21/10,,,,,2/5,47/25,4/7,13/10,4/7,1/6
1743903880.3937469,35,4/6,6/5,,,2/7,12/5,4/11,2,1/3,2,3/10,12/5,,,2/7,13/5,8/25,47/20,8/11,1,4/11,21/10,16/25,57/50,2/5,7/4,8/13,23/20,2/5,10/11,4/9,7/4,4/11,2,7/20,21/10,4/15,5/2,1/4,11/4,2/7,7/5,4/11,19/10,,,,,2/5,47/25,3/10,12/5,4/7,1/6
1743903910.3623915,36,10/27,21/10,,,2/7,12/5,4/11,2,1/3,2,3/10,12/5,,,2/7,13/5,8/25,47/20,1/3,11/5,4/11,21/10,16/25,57/50,2/5,15/8,8/13,23/20,4/9,7/4,4/9,7/4,1/3,11/5,33/100,21/10,4/15,5/2,1/4,11/4,2/7,13/5,1/3,21/10,,,,,4/9,7/4,1/100,1,4/7,1/6
1743903939.3036056,37,10/27,21/10,,,2/7,12/5,4/11,2,1/3,2,3/10,12/5,,,2/7,13/5,8/25,47/20,1/3,11/5,4/11,21/10,16/25,57/50,2/5,15/8,8/13,23/20,4/9,7/4,4/9,7/4,1/3,11/5,33/100,21/10,4/15,5/2,1/4,11/4,2/7,13/5,1/3,21/10,,,,,4/9,7/4,1/100,1,4/7,1/6
1743903969.0666614,38,10/27,21/10,,,2/7,12/5,4/11,2,2/5,17/10,3/10,12/5,,,2/7,13/5,7/20,11/5,1/3,11/5,4/11,11/5,4/11,37/20,1/2,6/4,2/7,12/5,4/9,7/4,4/9,7/4,1/3,11/5,21/50,9/5,4/11,21/10,2/7,5/2,4/11,21/10,1/3,21/10,,,,,4/9,7/4,1/4,19/10,4/7,1/6
1743903999.233327,39,10/27,21/10,,,2/7,12/5,4/11,2,2/5,17/10,3/10,12/5,,,2/7,13/5,7/20,11/5,1/3,11/5,4/11,11/5,4/11,37/20,1/2,6/4,2/7,12/5,4/9,7/4,4/9,7/4,1/3,11/5,21/50,9/5,4/11,21/10,2/7,5/2,4/11,21/10,1/3,21/10,,,,,4/9,7/4,1/4,19/10,4/7,1/6
1743904029.0317814,40,10/21,33/20,,,4/9,13/8,4/9,13/8,8/15,13/10,40/85,13/8,,,2/7,13/5,12/25,33/20,8/15,11/8,4/7,7/5,2/5,9/5,1/2,13/8,2/7,12/5,1/2,13/8,1/2,13/8,8/15,11/8,4/9,13/8,4/11,15/8,1/3,9/4,4/9,7/4,4/7,13/10,,,,,1/2,13/8,3/10,23/10,4/7,1/6
1743904059.3068378,41,10/21,33/20,,,4/9,13/8,4/9,13/8,8/15,13/10,40/85,13/8,,,2/7,13/5,12/25,33/20,8/15,11/8,4/7,7/5,2/5,9/5,1/2,13/8,2/7,12/5,1/2,13/8,1/2,13/8,8/15,11/8,4/9,13/8,4/11,15/8,1/3,9/4,4/9,7/4,4/7,13/10,,,,,1/2,13/8,3/10,23/10,4/7,1/6
1743904085.3244731,42
1743904115.1293514,43,4/6,6/5,,,4/7,13/10,8/15,11/8,4/7,5/4,6/10,13/10,,,4/7,13/10,4/7,27/20,4/7,5/4,8/13,13/10,2/5,9/5,4/7,11/8,21/50,33/20,4/7,11/8,4/7,11/8,4/7,5/4,4/7,13/10,8/15,29/20,4/9,7/4,4/7,13/10,4/6,11/10,,,,,4/7,11/8,4/9,6/4,4/7,1/6
1743904145.5747883,44,4/6,6/5,,,4/7,13/10,8/15,11/8,4/7,5/4,6/10,13/10,,,4/7,13/10,4/7,27/20,4/7,5/4,8/13,13/10,2/5,9/5,4/7,11/8,21/50,33/20,4/7,11/8,4/7,11/8,4/7,5/4,4/7,13/10,8/15,29/20,4/9,7/4,4/7,13/10,4/6,11/10,,,,,4/7,11/8,4/9,6/4,4/7,1/6
1743904175.5957363,45,4/6,6/5,,,4/7,13/10,8/13,6/5,4/6,21/20,6/10,13/10,,,4/7,13/10,4/7,27/20,4/6,11/10,7/10,23/20,4/11,37/20,8/13,5/4,21/50,33/20,8/13,5/4,8/13,5/4,4/6,11/10,4/7,13/10,1/2,29/20,10/19,29/20,4/7,11/8,4/6,11/10,,,,,8/13,5/4,4/9,8/5,4/7,1/6
1743904206.3261511,46,4/6,6/5,,,4/7,13/10,8/13,6/5,4/6,21/20,6/10,13/10,,,4/7,13/10,4/7,27/20,4/6,11/10,7/10,23/20,4/11,37/20,8/13,5/4,21/50,33/20,8/13,5/4,8/13,5/4,4/6,11/10,4/7,13/10,1/2,29/20,10/19,29/20,4/7,11/8,4/6,11/10,,,,,8/13,5/4,4/9,8/5,4/7,1/6
1743904237.4254556,47,4/6,6/5,,,4/7,13/10,8/13,6/5,4/6,21/20,6/10,13/10,,,3/5,13/10,4/7,27/20,4/6,11/10,7/10,23/20,4/11,37/20,8/13,5/4,21/50,33/20,8/13,5/4,8/13,5/4,4/6,11/10,4/7,13/10,8/11,11/10,1/2,31/20,4/7,13/10,4/6,11/10,,,,,8/13,5/4,4/7,7/5,4/7,1/6
1743904267.425584,48,4/6,6/5,,,4/7,13/10,8/13,6/5,4/6,21/20,8/15,29/20,,,3/5,13/10,4/7,27/20,4/6,11/10,7/10,23/20,13/25,11/8,8/13,5/4,3/5,6/5,8/13,5/4,8/13,5/4,4/6,11/10,13/25,7/5,8/13,6/5,1/2,31/20,4/7,11/8,4/6,11/10,,,,,8/13,5/4,4/7,7/5,4/7,1/6
1743904296.0330918,49,4/6,6/5,,,4/7,13/10,8/13,6/5,4/6,21/20,8/15,29/20,,,3/5,13/10,4/7,27/20,4/6,11/10,7/10,23/20,13/25,11/8,8/13,5/4,3/5,6/5,8/13,5/4,8/13,5/4,4/6,11/10,13/25,7/5,8/13,6/5,1/2,31/20,4/7,11/8,4/6,11/10,,,,,8/13,5/4,4/7,7/5,4/7,1/6
1743904325.2946203,50,4/6,6/5,,,1/2,6/4,1/2,6/4,1/2,7/5,40/85,13/8,,,10/21,13/8,8/15,29/20,8/13,6/5,4/7,29/20,4/9,31/20,1/2,6/4,3/5,6/5,8/15,29/20,8/13,13/10,8/15,11/8,12/25,31/20,4/7,13/10,5/8,5/4,11/20,7/5,8/15,7/5,,,,,8/15,29/20,8/15,13/10,4/7,1/6
1743904428.7585099,51,5/9,29/20,,,4/11,2,2/5,7/4,4/11,9/5,4/11,21/10,,,2/5,15/8,4/11,41/20,2/5,7/4,4/9,15/8,4/9,31/20,2/5,15/8,21/50,33/20,1/2,13/8,2/5,47/25,2/5,7/4,4/11,2,4/9,17/10,4/9,7/4,2/5,15/8,2/5,7/4,,,,,1/2,13/8,1/2,6/5,4/7,1/6
1743904459.8126998,52,5/9,29/20,,,4/11,2,2/5,7/4,4/11,9/5,2/5,15/8,,,4/11,2,4/11,41/20,2/5,7/4,4/9,15/8,4/9,31/20,2/5,15/8,21/50,33/20,2/5,15/8,2/5,47/25,2/5,7/4,2/5,37/20,4/9,17/10,4/9,7/4,4/11,2,2/5,7/4,,,,,2/5,47/25,4/9,1/100,4/7,1/6
1743904489.6410012,53,4/9,7/4,,,4/11,2,2/5,7/4,4/11,9/5,2/5,15/8,,,4/11,2,4/11,41/20,2/5,7/4,4/9,15/8,4/9,31/20,2/5,15/8,21/50,33/20,2/5,15/8,2/5,47/25,2/5,7/4,2/5,37/20,4/9,17/10,4/9,7/4,4/11,2,2/5,7/4,,,,,2/5,47/25,4/9,17/10,4/7,1/6
1743904519.6110866,54,4/9,7/4,,,4/11,2,2/5,7/4,4/11,9/5,2/5,15/8,,,4/11,2,4/11,41/20,2/5,7/4,4/9,15/8,4/9,31/20,2/5,15/8,21/50,33/20,2/5,15/8,2/5,47/25,2/5,7/4,2/5,37/20,4/9,17/10,4/9,7/4,4/11,2,2/5,7/4,,,,,2/5,47/25,4/9,17/10,4/7,1/6
1743904551.4620361,55,4/9,7/4,,,4/11,2,2/5,7/4,4/11,9/5,2/5,15/8,,,4/11,2,2/5,19/10,2/5,7/4,4/9,15/8,4/9,31/20,2/5,15/8,21/50,33/20,2/5,15/8,2/5,47/25,2/5,7/4,21/50,9/5,4/9,31/20,4/9,7/4,4/11,2,2/5,7/4,,,,,2/5,47/25,1/3,23/10,4/7,1/6
1743904582.2418537,56,4/9,7/4,,,4/11,2,2/5,7/4,2/5,17/10,4/11,21/10,,,4/11,2,2/5,19/10,2/5,7/4,4/9,15/8,4/9,31/20,2/5,15/8,21/50,33/20,4/9,7/4,2/5,47/25,2/5,7/4,21/50,9/5,4/9,31/20,1/2,31/20,4/11,2,2/5,7/4,,,,,2/5,47/25,1/3,19/10,4/7,1/6
1743904610.8765447,57,4/9,7/4,,,1/4,27/10,1/4,11/4,4/11,9/5,4/11,21/10,,,4/11,2,7/25,13/5,2/5,7/4,4/9,15/8,4/9,31/20,2/5,15/8,9/20,31/20,4/9,7/4,1/3,9/4,2/5,7/4,7/25,5/2,1/3,21/10,1/2,31/20,4/11,2,2/5,7/4,,,,,4/9,7/4,1/100,1/100,4/7,1/6
1743904640.3018095,58,4/9,7/4,,,1/4,27/10,1/4,11/4,4/11,9/5,4/11,21/10,,,4/11,2,7/25,13/5,2/5,7/4,4/9,15/8,4/9,31/20,2/5,15/8,9/20,31/20,4/9,7/4,1/3,9/4,2/5,7/4,7/25,5/2,1/3,21/10,1/2,31/20,4/11,2,2/5,7/4,,,,,4/9,7/4,1/100,1/100,4/7,1/6
1743904669.4090574,59,4/9,7/4,,,1/4,9/5,1/4,11/4,1/4,5/2,3/10,12/5,,,1/4,29/10,7/25,13/5,2/5,7/4,2/7,14/5,27/100,5/2,2/7,5/2,9/20,31/20,3/10,5/2,1/3,9/4,2/5,7/4,7/25,5/2,1/3,7/4,1/3,9/4,1/4,3,2/9,3,,,,,3/10,5/2,4/11,21/10,4/7,1/6
1743904700.1371834,60,4/9,7/4,,,1/4,9/5,1/4,11/4,1/4,5/2,3/10,12/5,,,1/4,29/10,7/25,13/5,2/5,7/4,2/7,14/5,27/100,5/2,2/7,5/2,9/20,31/20,3/10,5/2,1/3,9/4,2/5,7/4,7/25,5/2,1/3,7/4,1/3,9/4,1/4,3,2/9,3,,,,,3/10,5/2,4/11,21/10,4/7,1/6
1743904733.4947503,61,4/9,7/4,,,2/5,9/5,2/5,7/4,2/5,5/2,2/5,15/8,,,1/4,29/10,4/11,2,4/9,13/8,4/9,9/5,27/100,5/2,4/11,7/4,9/20,31/20,3/10,5/2,1/3,9/4,4/9,13/8,4/11,19/10,8/15,9/5,17/40,37/20,1/4,3,4/9,13/8,,,,,3/10,5/2,2/9,12/5,4/7,1/6
1743904763.2247205,62,10/21,33/20,,,2/11,9/5,1/5,10/3,2/5,17/10,1/5,10/3,,,1/4,29/10,4/11,2,4/9,13/8,1/5,7/2,27/100,5/2,1/5,10/3,9/20,31/20,3/10,5/2,1/3,9/4,1/5,10/3,1/6,7/2,2/11,7/2,17/40,37/20,1/4,3,1/5,31/10,,,,,3/10,5/2,2/9,12/5,4/7,1/6
1743904793.5430014,63,10/21,33/20,,,2/11,9/5,1/5,10/3,2/5,17/10,1/5,10/3,,,1/4,29/10,4/11,2,4/9,13/8,1/5,7/2,27/100,5/2,1/5,10/3,9/20,31/20,3/10,5/2,1/3,9/4,1/5,10/3,1/6,7/2,2/11,7/2,17/40,37/20,1/4,3,1/5,31/10,,,,,3/10,5/2,2/9,12/5,4/7,1/6
1743904822.4082143,64,10/21,7/2,,,2/11,7/2,1/6,7/2,1/5,3,1/5,10/3,,,1/4,29/10,4/11,19/5,1/5,10/3,1/5,7/2,27/100,5/2,1/6,4,1/6,31/20,1/5,10/3,1/5,10/3,1/5,10/3,2/11,19/5,2/11,18/5,2/11,15/4,1/4,3,1/5,31/10,,,,,1/5,10/3,2/9,19/10,2/11,1/6
1743904851.1101913,65,10/21,7/2,,,2/11,7/2,1/6,7/2,1/5,3,1/5,10/3,,,1/4,29/10,4/11,19/5,1/5,10/3,1/5,7/2,27/100,5/2,1/6,4,1/6,31/20,1/5,10/3,1/5,10/3,1/5,10/3,2/11,19/5,2/11,18/5,2/11,15/4,1/4,3,1/5,31/10,,,,,1/5,10/3,2/9,19/10,2/11,1/6
1743904880.6281118,66,1/5,7/2,,,2/11,7/2,1/6,7/2,1/5,31/10,1/5,4,,,1/4,29/10,1/6,7/2,1/5,10/3,1/5,7/2,27/100,5/2,1/6,4,1/6,7/2,1/5,10/3,1/5,10/3,1/5,10/3,1/5,19/5,2/11,10/3,2/11,15/4,1/4,3,1/5,7/2,,,,,1/5,10/3,1/100,3,1/6,1/6
1743904909.4159389,67,1/5,7/2,,,2/11,7/2,1/6,7/2,1/5,31/10,1/5,4,,,1/4,29/10,1/6,7/2,1/5,10/3,1/5,7/2,27/100,5/2,1/6,4,1/6,7/2,1/5,10/3,1/5,10/3,1/5,10/3,1/5,19/5,2/11,10/3,2/11,15/4,1/4,3,1/5,7/2,,,,,1/5,10/3,1/100,3,1/6,1/6
1743904939.1548626,68,1/5,7/2,,,1/7,4,1/6,7/2,1/6,13/4,1/25,10,,,1/4,29/10,1/5,7/2,1/6,7/2,2/11,19/5,2/9,14/5,1/40,12,1/6,7/2,1/5,10/3,1/5,10/3,1/6,7/2,1/40,19/2,1/14,9,2/11,15/4,1/4,3,2/11,7/2,,,,,1/5,10/3,2/11,7/2,1/20,1/6
1743905038.2072048,69,1/5,7/2,,,1/7,4,1/6,7/2,1/6,13/4,1/25,10,,,1/4,29/10,1/5,7/2,1/6,7/2,2/11,19/5,2/9,14/5,1/40,12,1/6,7/2,1/5,10/3,1/5,10/3,1/6,7/2,1/40,19/2,1/14,9,2/11,15/4,1/4,3,2/11,7/2,,,,,1/5,10/3,2/11,7/2,1/20,1/6
1743905068.8742497,70,1/18,9,,,1/33,9,1/20,8,1/20,15/2,1/20,9,,,1/33,11,1/50,12,1/20,15/2,1/14,15/2,1/40,5/2,1/20,9,1/25,15/2,1/14,15/2,1/14,15/2,1/20,15/2,1/50,10,1/20,15/2,1/25,17/2,1/33,11,1/20,7,,,,,1/14,15/2,1/25,49/5,1/20,1/6
1743905097.0152566,71,1/18,9,,,1/33,9,1/20,8,1/20,15/2,1/20,9,,,1/33,11,1/50,12,1/20,15/2,1/14,15/2,1/40,5/2,1/20,9,1/25,15/2,1/14,15/2,1/14,15/2,1/20,15/2,1/50,10,1/20,15/2,1/25,17/2,1/33,11,1/20,7,,,,,1/14,15/2,1/25,49/5,1/20,1/6
1743905128.814872,72,1/18,9,,,1/33,9,1/20,8,1/20,15/2,1/20,9,,,1/33,11,1/50,12,1/20,15/2,1/14,15/2,1/40,5/2,1/20,9,1/25,15/2,1/14,15/2,1/14,15/2,1/20,15/2,1/50,10,1/20,15/2,1/25,17/2,1/33,11,1/20,7,,,,,1/14,15/2,1/25,49/5,1/20,1/6
1743905158.826197,73,1/18,9,,,1/33,9,1/20,8,1/20,15/2,1/20,9,,,1/33,11,1/20,9,1/20,15/2,1/14,15/2,1/50,5/2,1/20,9,1/25,15/2,1/14,15/2,1/14,15/2,1/20,15/2,1/25,8,1/20,15/2,1/20,8,1/33,11,1/20,7,,,,,1/14,15/2,1/25,19/10,1/20,1/6
1743905188.1934068,74,1/18,9,,,1/33,9,1/20,8,1/20,15/2,1/20,9,,,1/33,11,1/20,9,1/20,15/2,1/14,15/2,1/50,5/2,1/20,9,1/25,15/2,1/14,15/2,1/14,15/2,1/20,15/2,1/25,8,1/20,15/2,1/20,8,1/33,11,1/20,7,,,,,1/14,15/2,1/25,19/10,1/20,1/6
1743905218.3672948,75,1/18,9,,,1/25,8,1/20,8,1/20,15/2,1/20,8,,,1/33,10,1/20,9,1/20,15/2,1/14,15/2,1/40,5/2,1/18,8,1/25,15/2,1/14,15/2,1/14,15/2,1/20,15/2,1/25,8,1/20,15/2,1/20,8,1/33,10,1/20,7,,,,,1/14,15/2,1/25,49/5,1/20,1/6
1743905247.8864787,76,1/18,9,,,1/25,8,1/20,8,1/20,15/2,1/20,8,,,1/33,10,1/20,9,1/20,15/2,1/14,15/2,1/40,5/2,1/18,8,1/25,15/2,1/14,15/2,1/14,15/2,1/20,15/2,1/25,8,1/20,15/2,1/20,8,1/33,10,1/20,7,,,,,1/14,15/2,1/25,49/5,1/20,1/6
1743905277.0290327,77,1/18,9,,,1/25,8,1/20,8,1/20,15/2,1/20,8,,,1/33,10,1/20,9,1/20,15/2,1/14,15/2,1/40,9,1/18,8,1/25,15/2,1/12,13/2,1/12,13/2,1/20,15/2,1/25,17/2,1/20,15/2,1/20,8,1/33,10,1/20,7,,,,,1/12,13/2,1/20,103/10,1/20,1/6
1743905306.6234941,78,1/18,9,,,1/25,8,1/20,8,1/20,15/2,1/20,8,,,1/33,10,1/20,9,1/20,15/2,1/14,15/2,1/40,9,1/18,8,1/25,15/2,1/12,13/2,1/12,13/2,1/20,15/2,1/25,17/2,1/20,15/2,1/20,8,1/33,10,1/20,7,,,,,1/12,13/2,1/20,103/10,1/20,1/6
1743905333.1166146,79
1743905363.2029521,80,1/18,9,,,1/33,9,1/20,8,1/20,15/2,1/20,9,,,1/33,10,1/20,9,1/20,15/2,1/14,15/2,1/50,19/2,1/20,9,1/25,15/2,1/12,13/2,1/14,8,1/20,15/2,1/40,19/2,1/25,8,1/16,15/2,1/33,10,1/20,7,,,,,1/12,13/2,1/20,103/10,1/20,1/6
1743905393.4189575,81,1/18,9,,,1/33,9,1/20,8,1/20,15/2,1/20,9,,,1/33,10,1/20,9,1/20,15/2,1/14,15/2,1/50,19/2,1/20,9,1/25,15/2,1/12,13/2,1/14,8,1/20,15/2,1/40,19/2,1/25,8,1/16,15/2,1/33,10,1/20,7,,,,,1/12,13/2,1/20,103/10,1/20,1/6
1743905421.932855,82,1/25,11,,,1/66,11,1/33,10,1/25,8,1/40,11,,,1/66,12,1/40,21/2,1/33,9,1/20,9,1/50,19/2,1/40,10,1/25,15/2,1/12,13/2,1/16,17/2,1/33,9,1/100,11,1/25,17/2,1/25,17/2,1/33,10,1/25,8,,,,,1/12,13/2,1/20,103/10,1/20,1/6
1743905451.3129172,83,1/25,11,,,1/66,11,1/33,10,1/25,8,1/40,11,,,1/66,12,1/40,21/2,1/33,9,1/20,9,1/50,19/2,1/40,10,1/25,15/2,1/12,13/2,1/16,17/2,1/33,9,1/100,11,1/25,17/2,1/25,17/2,1/33,10,1/25,8,,,,,1/12,13/2,1/20,103/10,1/20,1/6
1743905479.958738,84,1/25,11,,,1/66,11,1/33,10,1/33,9,1/40,11,,,1/66,12,1/100,15,1/33,9,1/25,10,1/50,19/2,1/40,12,1/33,8,1/16,9,1/16,17/2,1/33,9,1/25,17/2,1/16,7,1/33,9,1/66,12,1/33,9,,,,,1/16,9,1/20,1/100,1/20,1/6
1743905509.5646374,85,1/25,11,,,1/66,11,1/33,10,1/33,9,1/40,11,,,1/66,12,1/100,15,1/33,9,1/25,10,1/50,19/2,1/40,12,1/33,8,1/16,9,1/16,17/2,1/33,9,1/25,17/2,1/16,7,1/33,9,1/66,12,1/33,9,,,,,1/16,9,1/20,1/100,1/20,1/6
1743905538.8778934,86,1/25,11,,,1/25,8,1/20,8,1/16,6,1/20,8,,,1/25,10,1/100,15,1/14,13/2,1/11,13/2,1/50,19/2,1/18,8,1/33,8,1/12,13/2,1/11,6,1/14,13/2,1/25,17/2,1/16,7,1/16,15/2,1/25,10,1/16,13/2,,,,,1/12,13/2,1/25,441/50,1/20,1/6
1743905657.4135275,87,1/25,11,,,1/25,8,1/20,8,1/16,6,1/20,8,,,1/25,10,1/100,15,1/14,13/2,1/11,13/2,1/50,19/2,1/18,8,1/33,8,1/12,13/2,1/11,6,1/14,13/2,1/25,17/2,1/16,7,1/16,15/2,1/25,10,1/16,13/2,,,,,1/12,13/2,1/25,441/50,1/20,1/6
1743905686.468206,88,1/14,15/2,,,1/14,6,1/14,13/2,1/16,6,1/12,11/2,,,1/20,17/2,1/18,8,1/14,13/2,1/11,13/2,1/40,17/2,1/14,13/2,1/16,13/2,1/10,11/2,1/7,9/2,1/14,13/2,1/12,23/4,1/10,5,1/12,13/2,1/25,9,1/16,13/2,,,,,1/10,11/2,1/25,49/5,1/20,1/6
1743905716.738337,89,1/14,15/2,,,1/14,6,1/14,13/2,1/16,6,1/12,11/2,,,1/20,17/2,1/18,8,1/14,13/2,1/11,13/2,1/40,17/2,1/14,13/2,1/16,13/2,1/10,11/2,1/7,9/2,1/14,13/2,1/12,23/4,1/10,5,1/12,13/2,1/25,9,1/16,13/2,,,,,1/10,11/2,1/25,49/5,1/20,1/6
1743905742.603424,90
1743905771.3751123,91,1/14,15/2,,,1/12,6,1/10,11/2,1/12,11/2,1/10,11/2,,,1/14,13/2,1/12,13/2,1/10,11/2,1/9,23/4,1/40,17/2,1/8,5,1/16,13/2,1/7,9/2,1/7,9/2,1/10,11/2,1/12,27/5,1/10,5,1/10,11/2,1/14,13/2,1/12,11/2,,,,,1/7,9/2,1/16,19/10,1/20,1/6
1743905801.092272,92,1/14,15/2,,,1/12,6,1/10,11/2,1/12,11/2,1/10,11/2,,,1/14,13/2,1/12,13/2,1/10,11/2,1/9,23/4,1/40,17/2,1/8,5,1/16,13/2,1/7,9/2,1/7,9/2,1/10,11/2,1/12,27/5,1/10,5,1/10,11/2,1/14,13/2,1/12,11/2,,,,,1/7,9/2,1/16,19/10,1/20,1/6
1743905829.5638719,93,1/9,11/2,,,1/12,6,1/10,11/2,1/12,11/2,1/10,11/2,,,1/14,13/2,1/12,6,1/10,11/2,1/9,23/4,1/40,11/2,1/8,5,1/11,21/4,1/7,9/2,1/7,9/2,1/10,11/2,1/12,27/5,1/10,5,1/10,11/2,1/14,13/2,1/12,11/2,,,,,1/7,9/2,1/12,647/100,1/20,1/6
1743905858.4148989,94,1/9,11/2,,,1/12,6,1/10,11/2,1/12,11/2,1/10,11/2,,,1/14,13/2,1/12,6,1/10,11/2,1/9,23/4,1/40,11/2,1/8,5,1/11,21/4,1/7,9/2,1/7,9/2,1/10,11/2,1/12,27/5,1/10,5,1/10,11/2,1/14,13/2,1/12,11/2,,,,,1/7,9/2,1/12,647/100,1/20,1/6
1743905887.200543,95,1/9,11/2,,,1/12,6,1/10,11/2,1/12,11/2,1/10,11/2,,,1/12,13/2,1/12,6,1/10,11/2,1/11,13/2,1/12,21/4,1/10,11/2,1/11,21/4,2/15,9/2,2/13,4,1/12,6,1/10,27/5,1/8,19/4,1/8,5,1/12,13/2,1/12,11/2,,,,,2/13,4,1/12,647/100,1/20,1/6
1743905916.708163,96,1/9,11/2,,,1/12,6,1/10,11/2,1/12,11/2,1/10,11/2,,,1/12,13/2,1/12,6,1/10,11/2,1/11,13/2,1/12,21/4,1/10,11/2,1/11,21/4,2/15,9/2,2/13,4,1/12,6,1/10,27/5,1/8,19/4,1/8,5,1/12,13/2,1/12,11/2,,,,,2/13,4,1/12,647/100,1/20,1/6
1743905952.1030464,97,1/14,15/2,,,1/14,13/2,1/12,6,1/16,6,1/12,13/2,,,1/14,7,1/14,13/2,1/12,6,1/11,13/2,1/14,21/4,1/10,6,1/11,21/4,1/8,5,1/8,5,1/14,13/2,1/16,6,1/14,13/2,1/8,5,1/16,7,1/16,13/2,,,,,1/8,5,1/12,19/10,1/20,1/6
1743905981.4169123,98,1/14,15/2,,,1/14,13/2,1/12,6,1/16,6,1/12,13/2,,,1/12,7,1/14,13/2,1/14,13/2,1/11,13/2,1/14,21/4,1/10,6,1/11,21/4,1/8,5,1/8,5,1/14,13/2,1/10,27/5,1/12,6,1/14,7,1/14,7,1/12,11/2,,,,,1/8,5,1/16,19/10,1/20,1/6
1743906007.6813052,99
1743906034.2171988,100
1743906060.4692981,101
1743906089.91377,102,1/22,10,,,1/250,14,1/50,12,1/33,9,1/80,14,,,1/50,12,1/50,12,1/50,10,1/33,12,1/12,21/4,1/100,14,1/12,11/2,1/16,17/2,1/18,10,1/33,9,1/50,22,1/50,10,1/33,9,1/50,12,1/100,12,,,,,1/16,17/2,1/12,343/50,1/20,1/6
1743906118.9840114,103,1/22,10,,,1/250,14,1/50,12,1/33,9,1/80,14,,,1/50,12,1/50,12,1/50,10,1/33,12,1/12,21/4,1/100,14,1/12,11/2,1/16,17/2,1/18,10,1/33,9,1/50,22,1/50,10,1/33,9,1/50,12,1/100,12,,,,,1/16,17/2,1/12,343/50,1/20,1/6
1743906145.2897437,104
1743906175.0002074,105,1/66,16,,,1/250,14,1/50,12,1/200,12,1/100,14,,,1/50,12,1/50,20,1/200,16,1/100,16,1/12,20,1/100,14,1/40,10,1/25,11,1/25,11,1/200,16,1/50,20,1/50,10,1/50,11,1/50,12,1/100,12,,,,,1/25,11,1/100,441/50,1/20,1/6
1743906281.6541553,106,1/80,33/2,,,1/250,16,1/66,14,1/250,14,1/100,16,,,1/50,12,1/50,24,1/400,20,1/100,18,1/12,20,1/100,14,1/40,10,1/33,14,1/33,12,1/400,20,1/50,25,1/100,11,1/100,12,1/50,12,1/100,12,,,,,1/33,14,1/50,441/50,1/20,1/6
1743906311.76966,107,1/80,33/2,,,1/250,16,1/66,14,1/250,14,1/100,16,,,1/50,12,1/50,24,1/400,20,1/100,18,1/12,20,1/100,14,1/40,10,1/33,14,1/33,12,1/400,20,1/50,25,1/100,11,1/100,12,1/50,12,1/100,12,,,,,1/33,14,1/50,441/50,1/20,1/6
1743906341.3254786,108,1/80,33/2,,,1/100,12,1/50,12,1/200,12,1/80,14,,,1/50,12,1/50,20,1/200,16,1/100,16,1/12,25,1/100,14,1/40,10,1/25,12,1/33,12,1/200,16,1/100,13,1/50,10,1/100,12,1/50,12,1/100,12,,,,,1/25,12,1/100,81/5,1/20,1/6
1743906370.1234086,109,1/80,33/2,,,1/100,12,1/50,12,1/200,12,1/80,14,,,1/50,12,1/50,20,1/200,16,1/100,16,1/12,25,1/100,14,1/40,10,1/25,12,1/33,12,1/200,16,1/100,13,1/50,10,1/100,12,1/50,12,1/100,12,,,,,1/25,12,1/100,81/5,1/20,1/6
1743906398.8234327,110,1/66,16,,,1/100,12,1/50,12,1/100,11,1/80,14,,,1/50,12,1/50,20,1/150,14,1/50,14,1/12,25,1/100,14,1/40,10,1/25,12,1/25,12,1/150,14,1/100,17,1/50,10,1/50,11,1/50,12,1/100,12,,,,,1/25,12,1/100,19/10,1/20,1/6
1743906428.0570645,111,1/66,16,,,1/100,12,1/50,12,1/100,11,1/80,14,,,1/50,12,1/50,20,1/150,14,1/50,14,1/12,25,1/100,14,1/40,10,1/25,12,1/25,12,1/150,14,1/100,17,1/50,10,1/50,11,1/50,12,1/100,12,,,,,1/25,12,1/100,19/10,1/20,1/6
1743906458.0241299,112,1/66,16,,,1/100,12,1/50,12,1/100,11,1/80,14,,,1/50,12,1/100,16,1/150,14,1/50,14,1/12,25,1/100,14,1/40,10,1/25,11,1/25,12,1/150,14,1/100,13,1/50,10,1/50,10,1/50,12,1/100,12,,,,,1/25,11,1/100,81/5,1/20,1/6
1743906487.2647965,113,1/66,16,,,1/100,12,1/50,12,1/100,11,1/80,14,,,1/50,12,1/100,16,1/150,14,1/50,14,1/12,25,1/100,14,1/40,10,1/25,11,1/25,12,1/150,14,1/100,13,1/50,10,1/50,10,1/50,12,1/100,12,,,,,1/25,11,1/100,81/5,1/20,1/6
1743906516.8044152,114,1/66,16,,,1/100,12,1/50,12,1/100,11,1/50,12,,,1/200,16,1/100,15,1/150,14,1/50,14,1/12,25,1/50,12,1/40,10,1/25,11,1/25,11,1/150,14,1/100,12,1/50,10,1/50,10,1/200,16,1/100,12,,,,,1/25,11,1/100,81/5,1/20,1/6
1743906545.3568077,115,1/66,16,,,1/100,12,1/50,12,1/100,11,1/50,12,,,1/200,16,1/100,15,1/150,14,1/50,14,1/12,25,1/50,12,1/40,10,1/25,11,1/25,11,1/150,14,1/100,12,1/50,10,1/50,10,1/200,16,1/100,12,,,,,1/25,11,1/100,81/5,1/20,1/6
1743906571.6383982,116
1743906600.5619428,117,1/66,16,,,1/80,12,1/50,12,1/50,10,1/50,12,,,1/150,16,1/100,16,1/100,12,1/50,14,1/12,12,1/50,12,1/40,10,1/25,11,1/25,11,1/100,12,1/100,13,1/50,10,1/50,10,1/150,16,1/50,10,,,,,1/25,11,1/100,81/5,1/20,1/6
1743906629.531184,118,1/66,16,,,1/80,12,1/50,12,1/50,10,1/50,12,,,1/150,16,1/100,16,1/100,12,1/50,14,1/12,12,1/50,12,1/40,10,1/25,11,1/25,11,1/100,12,1/100,13,1/50,10,1/50,10,1/150,16,1/50,10,,,,,1/25,11,1/100,81/5,1/20,1/6
1743906659.2993906,119,1/50,15,,,1/100,12,1/50,12,1/50,10,1/50,12,,,1/150,16,1/100,16,1/100,12,1/50,14,1/12,23/2,1/50,12,1/40,10,1/25,11,1/25,11,1/100,12,1/100,13,1/50,10,1/50,10,1/200,16,1/50,10,,,,,1/25,11,1/50,1/100,1/20,1/6
1743906688.2845123,120,1/50,15,,,1/100,12,1/50,12,1/50,10,1/50,12,,,1/150,16,1/100,16,1/100,12,1/50,14,1/12,23/2,1/50,12,1/40,10,1/25,11,1/25,11,1/100,12,1/100,13,1/50,10,1/50,10,1/200,16,1/50,10,,,,,1/25,11,1/50,1/100,1/20,1/6
1743906716.8239458,121,1/50,15,,,1/100,12,1/50,12,1/50,10,1/80,14,,,1/150,16,1/100,16,1/100,12,1/50,14,1/12,23/2,1/50,12,1/40,10,1/25,11,1/25,11,1/100,12,1/100,18,1/50,11,1/50,11,1/200,16,1/50,10,,,,,1/25,11,1/50,81/5,1/20,1/6
1743906806.3055568,122,1/66,16,,,1/100,12,1/50,12,1/100,11,1/80,14,,,1/150,16,1/100,18,1/150,14,1/50,14,1/12,23/2,1/50,12,1/40,10,1/25,11,1/25,12,1/150,14,1/100,18,1/50,11,1/50,11,1/200,16,1/100,12,,,,,1/25,11,1/50,81/5,1/20,1/6
1743906834.3311453,123,1/66,16,,,1/66,11,1/40,11,1/50,10,1/40,11,,,1/150,16,1/100,22,1/100,12,1/33,12,1/100,23/2,1/50,12,1/33,9,1/25,12,1/25,12,1/100,12,1/50,18,1/33,19/2,1/50,10,1/200,16,1/50,10,,,,,1/25,12,1/50,81/5,1/20,1/6
1743906862.8077166,124,1/66,16,,,1/66,11,1/40,11,1/50,10,1/40,11,,,1/150,16,1/100,22,1/100,12,1/33,12,1/100,23/2,1/50,12,1/33,9,1/25,12,1/25,12,1/100,12,1/50,18,1/33,19/2,1/50,10,1/200,16,1/50,10,,,,,1/25,12,1/50,81/5,1/20,1/6
1743906891.4610605,125,1/50,15,,,1/66,11,1/40,11,1/50,10,1/40,11,,,1/100,16,1/100,22,1/100,12,1/33,12,1/100,11,1/50,12,1/33,9,1/25,12,1/25,12,1/100,12,1/50,10,1/33,9,1/33,9,1/100,16,1/50,10,,,,,1/25,12,1/50,167/10,1/20,1/6
1743906920.2151034,126,1/50,15,,,1/66,11,1/40,11,1/50,10,1/40,11,,,1/100,16,1/100,22,1/100,12,1/33,12,1/100,11,1/50,12,1/33,9,1/25,12,1/25,12,1/100,12,1/50,10,1/33,9,1/33,9,1/100,16,1/50,10,,,,,1/25,12,1/50,167/10,1/20,1/6
1743906949.1853163,127,1/50,15,,,1/100,12,1/40,11,1/100,11,1/80,14,,,1/150,16,1/50,12,1/100,12,1/50,14,1/50,10,1/50,12,1/33,9,1/25,12,1/25,12,1/150,14,1/100,12,1/50,10,1/50,10,1/150,16,1/100,12,,,,,1/25,12,1/50,137/10,1/20,1/6
1743906976.9868705,128,1/50,15,,,1/100,12,1/40,11,1/100,11,1/80,14,,,1/150,16,1/50,12,1/100,12,1/50,14,1/50,10,1/50,12,1/33,9,1/25,12,1/25,12,1/150,14,1/100,12,1/50,10,1/50,10,1/150,16,1/100,12,,,,,1/25,12,1/50,137/10,1/20,1/6
1743907005.6752598,129,1/66,16,,,1/250,16,1/66,14,1/500,16,1/100,16,,,1/100,16,1/50,12,1/400,20,1/100,18,1/50,10,1/50,12,1/40,11,1/25,12,1/25,12,1/100,12,1/50,19,1/100,12,1/100,12,1/150,16,1/100,12,,,,,1/25,12,1/50,71/5,1/20,1/6
1743907036.4306352,130,1/66,16,,,1/250,16,1/66,14,1/500,16,1/100,16,,,1/100,16,1/50,12,1/400,20,1/100,18,1/50,10,1/50,12,1/40,11,1/25,12,1/25,12,1/100,12,1/50,19,1/100,12,1/100,12,1/150,16,1/100,12,,,,,1/25,12,1/50,71/5,1/20,1/6
1743907066.0292196,131,1/66,16,,,1/500,20,1/100,16,1/500,16,1/250,20,,,1/100,16,1/50,20,1/750,22,1/100,18,1/100,11,1/50,12,1/40,11,1/25,12,1/25,12,1/750,22,1/50,20,1/33,17/2,1/100,12,1/150,16,1/100,12,,,,,1/25,12,1/100,19/10,1/20,1/6
1743907096.7574017,132,1/66,16,,,1/500,20,1/100,16,1/500,16,1/250,20,,,1/100,16,1/50,20,1/750,22,1/100,18,1/100,11,1/50,12,1/40,11,1/25,12,1/25,12,1/750,22,1/50,20,1/33,17/2,1/100,12,1/150,16,1/100,12,,,,,1/25,12,1/100,19/10,1/20,1/6
1743907125.5570762,133,1/66,16,,,1/66,11,1/25,9,1/33,9,1/40,11,,,1/50,12,1/25,10,1/33,9,1/25,10,1/50,10,1/50,12,1/40,11,1/25,12,1/25,12,1/33,9,1/50,23/2,1/25,17/2,1/100,12,1/50,12,1/33,9,,,,,1/25,12,1/100,181/10,1/20,1/6
1743907155.0002432,134,1/66,16,,,1/66,11,1/25,9,1/33,9,1/40,11,,,1/50,12,1/25,10,1/33,9,1/25,10,1/50,10,1/50,12,1/40,11,1/25,12,1/25,12,1/33,9,1/50,23/2,1/25,17/2,1/100,12,1/50,12,1/33,9,,,,,1/25,12,1/100,181/10,1/20,1/6
1743907184.6178935,135,1/66,16,,,1/100,12,1/50,12,1/100,11,1/80,14,,,1/100,16,1/40,23/2,1/100,12,1/50,14,1/100,21/2,1/50,12,1/40,10,1/25,12,1/25,12,1/100,12,1/40,19/2,1/25,8,1/25,17/2,1/100,16,1/100,12,,,,,1/25,12,1/100,181/10,1/20,1/6
1743907213.5524547,136,1/66,16,,,1/100,12,1/50,12,1/100,11,1/80,14,,,1/100,16,1/40,23/2,1/100,12,1/50,14,1/100,21/2,1/50,12,1/40,10,1/25,12,1/25,12,1/100,12,1/40,19/2,1/25,8,1/25,17/2,1/100,16,1/100,12,,,,,1/25,12,1/100,181/10,1/20,1/6
1743907240.444272,137
1743907269.8302956,138,1/35,13,,,1/50,10,1/33,10,1/33,9,1/40,11,,,1/66,12,1/40,23/2,1/50,10,1/25,10,1/100,11,1/50,12,1/40,10,1/25,12,1/25,12,1/50,10,1/40,9,1/20,15/2,1/25,17/2,1/100,16,1/33,9,,,,,1/25,12,1/100,81/5,1/20,1/6
1743907300.6777594,139,1/35,13,,,1/50,10,1/33,10,1/33,9,1/40,11,,,1/66,12,1/40,23/2,1/50,10,1/25,10,1/100,11,1/50,12,1/40,10,1/25,12,1/25,12,1/50,10,1/40,9,1/20,15/2,1/25,17/2,1/100,16,1/33,9,,,,,1/25,12,1/100,81/5,1/20,1/6
1743907396.5657616,140
1743907424.9785874,141,1/30,12,,,1/25,8,1/20,8,1/20,15/2,1/20,8,,,1/33,10,1/16,15/2,1/33,9,1/14,15/2,1/100,21/2,1/50,12,1/25,15/2,1/25,12,1/25,12,1/33,9,1/18,7,1/12,13/2,1/12,13/2,1/25,9,1/33,9,,,,,1/25,12,1/100,123/10,1/20,1/6
1743907454.3078246,142,1/30,12,,,1/25,8,1/20,8,1/20,15/2,1/20,8,,,1/33,10,1/16,15/2,1/33,9,1/14,15/2,1/100,21/2,1/50,12,1/25,15/2,1/25,12,1/25,12,1/33,9,1/18,7,1/12,13/2,1/12,13/2,1/25,9,1/33,9,,,,,1/25,12,1/100,123/10,1/20,1/6
1743907483.0894806,143,1/30,12,,,1/500,20,1/66,14,1/500,16,1/250,20,,,1/33,10,1/16,18,1/400,20,1/100,18,1/100,18,1/50,12,1/25,15/2,1/25,12,1/25,12,1/400,20,1/18,18,1/100,12,1/100,12,1/25,9,1/100,12,,,,,1/25,12,1/100,1/100,1/20,1/6
1743907511.6037998,144,1/30,12,,,1/500,20,1/66,14,1/500,16,1/250,20,,,1/33,10,1/16,18,1/400,20,1/100,18,1/100,18,1/50,12,1/25,15/2,1/25,12,1/25,12,1/400,20,1/18,18,1/100,12,1/100,12,1/25,9,1/100,12,,,,,1/25,12,1/100,1/100,1/20,1/6
1743907537.6031442,145
1743907566.691936,146,1/30,12,,,1/500,20,1/66,14,1/50,10,1/250,20,,,1/33,10,1/16,18,1/100,12,1/100,14,1/100,18,1/50,12,1/50,11,1/25,12,1/25,12,1/100,12,1/18,18,1/100,12,1/100,12,1/25,9,1/100,12,,,,,1/25,12,1/100,186/25,1/20,1/6
1743907595.5173209,147,1/30,12,,,1/500,20,1/66,14,1/50,10,1/250,20,,,1/33,10,1/16,18,1/100,12,1/100,14,1/100,18,1/50,12,1/50,11,1/25,12,1/25,12,1/100,12,1/18,18,1/100,12,1/100,12,1/25,9,1/100,12,,,,,1/25,12,1/100,186/25,1/20,1/6
1743907624.5129766,148,1/66,12,,,1/500,20,1/66,14,1/50,10,1/250,20,,,1/33,10,1/16,18,1/100,12,1/50,12,1/100,18,1/50,12,1/50,11,1/25,12,1/25,12,1/50,10,1/18,18,1/100,11,1/100,12,1/25,9,1/50,10,,,,,1/25,12,1/20,1/100,1/20,1/6
1743907653.969102,149,1/66,12,,,1/500,20,1/66,14,1/50,10,1/250,20,,,1/33,10,1/16,18,1/100,12,1/50,12,1/100,18,1/50,12,1/50,11,1/25,12,1/25,12,1/50,10,1/18,18,1/100,11,1/100,12,1/25,9,1/50,10,,,,,1/25,12,1/20,1/100,1/20,1/6
1743907684.0993903,150,1/66,12,,,1/500,16,1/50,14,1/33,9,1/100,16,,,1/500,20,1/16,18,1/50,10,1/25,10,1/100,18,1/50,12,1/40,10,1/25,12,1/25,12,1/50,10,1/100,13,1/100,11,1/100,12,1/25,9,1/33,9,,,,,1/25,12,1/20,19/10,1/20,1/6
1743907713.1428516,151,1/66,16,,,1/500,16,1/50,14,1/33,9,1/100,16,,,1/500,18,1/100,16,1/50,10,1/33,12,1/100,18,1/50,12,1/40,10,1/25,12,1/25,12,1/50,10,1/100,13,1/50,11,1/50,11,1/25,9,1/33,9,,,,,1/25,12,1/100,181/10,1/20,1/6
1743907742.1515176,152,1/66,16,,,1/500,16,1/50,14,1/33,9,1/100,16,,,1/500,18,1/100,16,1/50,10,1/33,12,1/100,18,1/50,12,1/40,10,1/25,12,1/25,12,1/50,10,1/100,13,1/50,11,1/50,11,1/25,9,1/33,9,,,,,1/25,12,1/100,181/10,1/20,1/6
1743907771.816756,153,1/66,16,,,1/250,16,1/50,12,1/33,9,1/100,16,,,1/500,20,1/100,16,1/33,9,1/25,10,1/100,18,1/50,12,1/40,10,1/25,12,1/25,12,1/33,10,1/100,12,1/50,11,1/50,11,1/25,9,1/33,9,,,,,1/25,12,1/100,19/10,1/20,1/6
1743907801.0310261,154,1/66,16,,,1/250,16,1/50,12,1/33,9,1/100,16,,,1/500,20,1/100,16,1/33,9,1/25,10,1/100,18,1/50,12,1/40,10,1/25,12,1/25,12,1/33,10,1/100,12,1/50,11,1/50,11,1/25,9,1/33,9,,,,,1/25,12,1/100,19/10,1/20,1/6
1743907829.6682935,155,1/66,16,,,1/250,16,1/50,12,1/100,11,1/100,16,,,1/500,20,1/100,15,1/150,14,1/50,14,1/100,23/2,1/50,12,1/40,10,1/25,12,1/25,12,1/150,14,1/100,20,1/50,11,1/50,11,1/25,9,1/100,12,,,,,1/25,12,1/50,22,1/20,1/6
1743907858.6042275,156,1/66,16,,,1/250,16,1/50,12,1/100,11,1/100,16,,,1/500,20,1/100,15,1/150,14,1/50,14,1/100,23/2,1/50,12,1/40,10,1/25,12,1/25,12,1/150,14,1/100,20,1/50,11,1/50,11,1/25,9,1/100,12,,,,,1/25,12,1/50,22,1/20,1/6
1743907887.7543526,157,1/66,16,,,1/250,16,1/50,12,1/100,11,1/100,16,,,1/500,20,1/100,20,1/150,14,1/50,14,1/100,23/2,1/50,12,1/40,10,1/25,12,1/25,12,1/150,14,1/100,20,1/50,11,1/50,11,1/25,9,1/100,12,,,,,1/25,12,1/100,22,1/20,1/6
1743907986.2537897,158,1/66,16,,,1/250,16,1/50,12,1/100,11,1/100,16,,,1/500,20,1/100,20,1/150,14,1/50,14,1/100,23/2,1/50,12,1/40,10,1/25,12,1/25,12,1/150,14,1/100,20,1/50,11,1/50,11,1/25,9,1/100,12,,,,,1/25,12,1/100,22,1/20,1/6
1743908014.912991,159,1/100,17,,,1/500,40,1/100,16,1/1000,18,1/250,16,,,1/500,20,1/100,20,0,28,1/200,33,1/100,19,1/50,12,1/40,10,1/25,12,1/25,12,1/750,22,1/100,18,1/50,10,1/50,11,1/25,9,1/50,25,,,,,1/25,12,1/100,19/10,1/20,1/6
1743908043.8976738,160,1/100,17,,,1/500,40,1/100,16,1/1000,18,1/250,16,,,1/500,20,1/100,20,0,28,1/200,33,1/100,19,1/50,12,1/40,10,1/25,12,1/25,12,1/750,22,1/100,18,1/50,10,1/50,11,1/25,9,1/50,25,,,,,1/25,12,1/100,19/10,1/20,1/6
1743908072.9345393,161,1/50,15,,,1/500,50,1/100,16,1/200,12,1/250,50,,,1/500,20,1/100,20,1/150,14,1/100,16,1/100,20,1/50,12,1/40,10,1/25,12,1/25,12,1/150,14,1/100,45,1/50,10,1/50,11,1/25,9,1/100,25,,,,,1/25,12,1/100,1/100,1/20,1/6
1743908098.9621387,162
1743908128.1131134,163,1/50,15,,,1/500,50,1/100,16,1/200,12,1/250,50,,,1/500,20,1/100,20,1/150,14,1/100,16,1/100,19,1/50,20,1/40,10,1/25,12,1/66,25,1/150,14,1/100,40,1/50,10,1/50,11,1/25,9,1/100,12,,,,,1/66,25,1/100,19/10,1/20,1/6
1743908154.6552181,164
1743908183.7572558,165,1/400,28,,,1/500,50,1/100,16,1/200,12,1/250,50,,,1/500,20,1/100,33,1/150,14,1/100,16,1/100,18,1/50,16,1/40,10,1/66,25,1/50,22,1/150,14,1/100,40,1/50,10,1/50,11,1/25,9,1/100,25,,,,,1/66,25,1/100,1/100,1/20,1/6
1743908210.669859,166
1743908240.590642,167,1/400,28,,,1/500,50,1/100,16,1/200,12,1/250,50,,,1/500,20,1/100,35,1/150,14,1/100,16,1/100,20,1/50,20,1/40,10,1/66,25,1/50,22,1/150,14,1/100,40,1/50,10,1/50,11,1/25,9,1/16,13/2,,,,,1/66,25,1/100,1/100,1/20,1/6
1743908271.1189187,168,1/400,28,,,1/500,50,1/100,16,1/200,12,1/250,50,,,1/500,20,1/100,35,1/150,14,1/100,16,1/100,20,1/50,20,1/40,10,1/66,25,1/50,22,1/150,14,1/100,40,1/50,10,1/50,11,1/25,9,1/16,13/2,,,,,1/66,25,1/100,1/100,1/20,1/6
1743908299.4627967,169,28,,50,16,12,50,,20,35,14,16,35,20,10,25,22,14,40,10,11,9,13/2,,,25,1/100,1/6
1743908328.2024536,170,28,,50,16,12,50,,20,35,14,16,35,20,10,25,22,14,40,10,11,9,13/2,,,25,1/100,1/6
1743908358.059405,171,28,,50,16,12,50,,20,35,14,16,35,20,10,25,22,14,40,10,11,9,13/2,,,25,1/100,1/6
1743908387.5321572,172,28,,50,16,12,50,,20,35,14,16,35,20,10,25,22,14,40,10,11,9,13/2,,,25,1/100,1/6
1743908416.0654085,173
1743908444.8629694,174
1743908473.5394897,175
1743908501.5784352,176
1743908603.2502449,177
1743908632.9379957,178
1743908663.73643,179
1743908689.897348,180
1743908719.3064356,181
1743908748.3422198,182
1743908774.9771678,183
1743908803.78723,184
1743908833.3994572,185
1743908862.4134908,186
1743908891.6337328,187
1743908921.7642238,188
1743908947.5551693,189
1743908976.1840289,190
1743909005.086097,191
1743909034.7474694,192
1743909060.7958336,193
1743909090.4013133,194
1743909119.2292347,195
1743909226.4100223,196
1743909255.5452042,197
1743909284.6349595,198
1743909310.5523746,199
1743909339.474714,200
1743909365.4475539,201
1743909394.2099817,202
1743909422.9032419,203
1743909452.252159,204
1743909481.7696946,205
1743909510.0872216,206
1743909540.0624225,207
1743909569.639241,208
1743909598.1052456,209
1743909627.3379035,210
1743909655.9907107,211
1743909684.3933103,212
1743909712.775433,213
1743909738.8273478,214
1743909840.6902754,215
1743909868.842328,216
1743909897.2689,217
1743909926.3748324,218
1743909955.2659082,219
1743909981.3568358,220
1743910007.660182,221
1743910036.0544872,222
1743910061.8696141,223
1743910090.2176986,224
1743910118.3936012,225
1743910147.4319217,226
1743910176.2910538,227
1743910204.9693134,228
1743910233.478074,229
1743910262.5319178,230
1743910293.103,231
1743910322.3172948,232
1743910348.6863987,233
1743910450.3019073,234
1743910478.5990844,235
1743910506.7837906,236
1743910535.605215,237
1743910564.4340954,238
1743910593.015311,239
1743910621.3765082,240
1743910649.9032593,241
1743910678.5938644,242
1743910704.4213486,243
1743910733.9089217,244
1743910764.1234512,245
1743910792.2682228,246
1743910820.6781545,247
1743910849.241104,248
1743910878.373106,249
1743910904.7979195,250
1743910934.1262114,251
1743910962.472733,252
1743911064.6931353,253
1743911093.2477736,254
1743911121.4648948,255
1743911149.3453736,256
1743911178.0047557,257
1743911207.6545746,258
1743911236.3408728,259
1743911265.0156057,260
1743911293.5846949,261
1743911322.4044206,262
1743911348.4123888,263
1743911374.8074732,264
1743911403.6861477,265
1743911429.6849587,266
1743911458.7876732,267
1743911489.4285843,268
1743911519.5707994,269
1743911546.312724,270
1743911576.179327,271
1743911678.3168411,272
1743911709.2394576,273
1743911738.100074,274
1743911766.8038743,275
1743911795.4043405,276
1743911825.987872,277
1743911854.5697792,278
1743911884.2946477,279
1743911913.3613002,280
1743911946.4238038,281
1743911977.164671,282
1743912005.8729084,283
1743912031.9781196,284
1743912061.5220263,285
1743912090.1046972,286
1743912119.0421064,287
1743912144.9597342,288
1743912174.7751532,289
1743912204.3318794,290
1743912306.9731672,291
1743912332.872886,292
1743912361.6162143,293
1743912390.1065807,294
1743912418.865943,295
1743912447.6534603,296
1743912476.1709318,297
1743912504.7192955,298
1743912533.763335,299